Movie,Year,RunTime,imdb,Genre,votes
The Trial of the Chicago 7,(2020),129 min,7.9,"Drama, History, Thriller","57,751"
Tenet,(2020),150 min,7.8,"Action, Sci-Fi","145,966"
Spider-Man: Into the Spider-Verse,(2018),117 min,8.4,"Animation, Action, Adventure","353,271"
The Gentlemen,(2019),113 min,7.8,"Action, Comedy, Crime","205,291"
Harry Potter and the Sorcerer's Stone,(2001),152 min,7.6,"Adventure, Family, Fantasy","641,798"
Knives Out,(2019),130 min,7.9,"Comedy, Crime, Drama","416,034"
Gisaengchung,(2019),132 min,8.6,"Comedy, Drama, Thriller","508,375"
Once Upon a Time... in Hollywood,(2019),161 min,7.6,"Comedy, Drama","528,856"
Soorarai Pottru,(2020),153 min,9.0,Drama,"38,953"
1917,(2019),119 min,8.3,"Drama, War","390,420"
Avengers: Endgame,(2019),181 min,8.4,"Action, Adventure, Drama","780,340"
Jojo Rabbit,(2019),108 min,7.9,"Comedy, Drama, War","275,172"
The Shawshank Redemption,(1994),142 min,9.3,Drama,"2,307,624"
The Wolf of Wall Street,(2013),180 min,8.2,"Biography, Crime, Drama","1,159,904"
Joker,(2019),122 min,8.5,"Crime, Drama, Thriller","896,480"
The Godfather,(1972),175 min,9.2,"Crime, Drama","1,592,626"
Love Actually,(2003),135 min,7.6,"Comedy, Drama, Romance","418,944"
Interstellar,(2014),169 min,8.6,"Adventure, Drama, Sci-Fi","1,478,319"
One Flew Over the Cuckoo's Nest,(1975),133 min,8.7,Drama,"905,916"
Inception,(2010),148 min,8.8,"Action, Adventure, Sci-Fi","2,032,707"
Hamilton,(2020),160 min,8.6,"Biography, Drama, History","46,780"
Titanic,(1997),194 min,7.8,"Drama, Romance","1,032,727"
Inglourious Basterds,(2009),153 min,8.3,"Adventure, Drama, War","1,246,421"
Ocean's Eleven,(2001),116 min,7.7,"Crime, Thriller","509,756"
The Lord of the Rings: The Fellowship of the Ring,(2001),178 min,8.8,"Action, Adventure, Drama","1,636,698"
Little Women,(2019),135 min,7.8,"Drama, Romance","131,616"
The Dark Knight,(2008),152 min,9.0,"Action, Crime, Drama","2,270,635"
Home Alone,(1990),103 min,7.6,"Comedy, Family","456,952"
Blade Runner 2049,(2017),164 min,8.0,"Action, Drama, Mystery","450,588"
The Shining,(1980),146 min,8.4,"Drama, Horror","884,748"
Pulp Fiction,(1994),154 min,8.9,"Crime, Drama","1,800,971"
The Matrix,(1999),136 min,8.7,"Action, Sci-Fi","1,651,446"
Goodfellas,(1990),146 min,8.7,"Biography, Crime, Drama","1,004,555"
V for Vendetta,(2005),132 min,8.2,"Action, Drama, Sci-Fi","1,020,914"
Harry Potter and the Goblet of Fire,(2005),157 min,7.7,"Adventure, Family, Fantasy","538,682"
Ford v Ferrari,(2019),152 min,8.1,"Action, Biography, Drama","272,976"
A Clockwork Orange,(1971),136 min,8.3,"Crime, Drama, Sci-Fi","748,621"
Gladiator,(2000),155 min,8.5,"Action, Adventure, Drama","1,322,792"
Full Metal Jacket,(1987),116 min,8.3,"Drama, War","666,324"
Hacksaw Ridge,(2016),139 min,8.1,"Biography, Drama, History","426,235"
Django Unchained,(2012),165 min,8.4,"Drama, Western","1,335,581"
Saving Private Ryan,(1998),169 min,8.6,"Drama, War","1,218,197"
The Departed,(2006),151 min,8.5,"Crime, Drama, Thriller","1,172,862"
The Green Mile,(1999),189 min,8.6,"Crime, Drama, Fantasy","1,128,374"
Back to the Future,(1985),116 min,8.5,"Adventure, Comedy, Sci-Fi","1,041,568"
Fargo,(1996),98 min,8.1,"Crime, Drama, Thriller","608,574"
Fight Club,(1999),139 min,8.8,Drama,"1,828,439"
Get Out,(I) (2017),104 min,7.7,"Horror, Mystery, Thriller","482,573"
Dazed and Confused,(1993),102 min,7.6,Comedy,"163,359"
Se7en,(1995),127 min,8.6,"Crime, Drama, Mystery","1,421,664"
Apocalypse Now,(1979),147 min,8.4,"Drama, Mystery, War","598,424"
The Peanut Butter Falcon,(2019),97 min,7.6,"Adventure, Comedy, Drama","59,857"
The Prestige,(2006),130 min,8.5,"Drama, Mystery, Sci-Fi","1,170,857"
Casino Royale,(2006),144 min,8.0,"Action, Adventure, Thriller","575,881"
Harry Potter and the Deathly Hallows: Part 2,(2011),130 min,8.1,"Adventure, Drama, Fantasy","752,489"
The Dark Knight Rises,(2012),164 min,8.4,"Action, Adventure","1,497,135"
The Hunt for Red October,(1990),135 min,7.6,"Action, Adventure, Thriller","178,212"
Mad Max: Fury Road,(2015),120 min,8.1,"Action, Adventure, Sci-Fi","867,690"
The Irishman,(2019),209 min,7.9,"Biography, Crime, Drama","313,372"
Forrest Gump,(1994),142 min,8.8,"Drama, Romance","1,778,592"
The Silence of the Lambs,(1991),118 min,8.6,"Crime, Drama, Thriller","1,251,553"
About Time,(I) (2013),123 min,7.8,"Comedy, Drama, Fantasy","295,131"
Gone Girl,(2014),149 min,8.1,"Drama, Mystery, Thriller","844,901"
The Untouchables,(1987),119 min,7.9,"Crime, Drama, Thriller","277,469"
Avengers: Infinity War,(2018),149 min,8.4,"Action, Adventure, Sci-Fi","813,144"
Schindler's List,(1993),195 min,8.9,"Biography, Drama, History","1,197,138"
Zodiac,(2007),157 min,7.7,"Crime, Drama, Mystery","454,691"
Deadpool 2,(2018),119 min,7.7,"Action, Adventure, Comedy","468,615"
Watchmen,(2009),162 min,7.6,"Action, Drama, Mystery","496,133"
Halloween,(1978),91 min,7.8,"Horror, Thriller","230,582"
Guardians of the Galaxy,(2014),121 min,8.0,"Action, Adventure, Comedy","1,032,066"
Pride & Prejudice,(2005),129 min,7.8,"Drama, Romance","253,191"
Léon,(1994),110 min,8.5,"Action, Crime, Drama","1,020,242"
The Lord of the Rings: The Return of the King,(2003),201 min,8.9,"Action, Adventure, Drama","1,620,812"
Harry Potter and the Prisoner of Azkaban,(2004),142 min,7.9,"Adventure, Family, Fantasy","542,019"
The Nightmare Before Christmas,(1993),76 min,8.0,"Animation, Family, Fantasy","294,114"
Star Wars,(1977),121 min,8.6,"Action, Adventure, Fantasy","1,215,385"
Moneyball,(2011),133 min,7.6,"Biography, Drama, Sport","362,837"
Indiana Jones and the Last Crusade,(1989),127 min,8.2,"Action, Adventure","684,163"
Platoon,(1986),120 min,8.1,"Drama, War","376,905"
Requiem for a Dream,(2000),102 min,8.3,Drama,"756,984"
Jurassic Park,(1993),127 min,8.1,"Action, Adventure, Sci-Fi","856,025"
Thor: Ragnarok,(2017),130 min,7.9,"Action, Adventure, Comedy","574,696"
Rebecca,(1940),130 min,8.1,"Drama, Mystery, Romance","122,087"
No Country for Old Men,(2007),122 min,8.1,"Crime, Drama, Thriller","842,865"
The Big Lebowski,(1998),117 min,8.1,"Comedy, Crime, Sport","722,904"
Boyz n the Hood,(1991),112 min,7.8,"Crime, Drama","123,948"
Mission: Impossible - Fallout,(2018),147 min,7.7,"Action, Adventure, Thriller","285,836"
The Princess Bride,(1987),98 min,8.1,"Adventure, Family, Fantasy","389,491"
Tombstone,(1993),130 min,7.8,"Action, Biography, Drama","124,730"
Guardians of the Galaxy Vol. 2,(2017),136 min,7.6,"Action, Adventure, Comedy","558,964"
Avatar,(2009),162 min,7.8,"Action, Adventure, Fantasy","1,109,086"
Alien,(1979),117 min,8.4,"Horror, Sci-Fi","778,144"
Deadpool,(2016),108 min,8.0,"Action, Adventure, Comedy","890,769"
Raiders of the Lost Ark,(1981),115 min,8.4,"Action, Adventure","873,979"
Green Book,(2018),130 min,8.2,"Biography, Comedy, Drama","355,209"
Call Me by Your Name,(2017),132 min,7.9,"Drama, Romance","205,171"
Harry Potter and the Half-Blood Prince,(2009),153 min,7.6,"Action, Adventure, Family","465,504"
Whiplash,(2014),106 min,8.5,"Drama, Music","702,376"
American Beauty,(1999),122 min,8.3,Drama,"1,058,398"
Coco,(I) (2017),105 min,8.4,"Animation, Adventure, Family","365,034"
Star Trek,(2009),127 min,7.9,"Action, Adventure, Sci-Fi","574,193"
Baby Driver,(2017),113 min,7.6,"Action, Crime, Music","430,178"
Taxi Driver,(1976),114 min,8.3,"Crime, Drama","713,140"
Pirates of the Caribbean: The Curse of the Black Pearl,(2003),143 min,8.0,"Action, Adventure, Fantasy","1,007,472"
The Martian,(2015),144 min,8.0,"Adventure, Drama, Sci-Fi","749,286"
Prisoners,(2013),153 min,8.1,"Crime, Drama, Mystery","590,092"
Rogue One,(2016),133 min,7.8,"Action, Adventure, Sci-Fi","545,137"
Edge of Tomorrow,(2014),113 min,7.9,"Action, Adventure, Sci-Fi","592,368"
Toy Story,(1995),81 min,8.3,"Animation, Adventure, Comedy","874,842"
Goldfinger,(1964),110 min,7.7,"Action, Adventure, Thriller","171,190"
Portrait de la jeune fille en feu,(2019),122 min,8.1,"Drama, Romance","56,149"
Dunkirk,(2017),106 min,7.9,"Action, Drama, History","542,385"
Die Hard,(1988),132 min,8.2,"Action, Thriller","774,837"
American Psycho,(2000),101 min,7.6,"Comedy, Crime, Drama","481,553"
The Grand Budapest Hotel,(2014),99 min,8.1,"Adventure, Comedy, Crime","696,067"
Shutter Island,(2010),138 min,8.2,"Mystery, Thriller","1,111,169"
Harry Potter and the Deathly Hallows: Part 1,(2010),146 min,7.7,"Adventure, Family, Fantasy","470,158"
Good Will Hunting,(1997),126 min,8.3,"Drama, Romance","848,316"
Braveheart,(1995),178 min,8.3,"Biography, Drama, History","949,480"
Eternal Sunshine of the Spotless Mind,(2004),108 min,8.3,"Drama, Romance, Sci-Fi","900,258"
The Social Network,(2010),120 min,7.7,"Biography, Drama","616,193"
My Cousin Vinny,(1992),120 min,7.6,"Comedy, Crime","105,496"
The Goonies,(1985),114 min,7.8,"Adventure, Comedy, Family","241,153"
The Curious Case of Benjamin Button,(2008),166 min,7.8,"Drama, Fantasy, Romance","581,627"
Blade Runner,(1982),117 min,8.1,"Action, Sci-Fi, Thriller","685,348"
The Revenant,(2015),156 min,8.0,"Action, Adventure, Drama","693,548"
Logan,(2017),137 min,8.1,"Action, Drama, Sci-Fi","636,768"
Her,(2013),126 min,8.0,"Drama, Romance, Sci-Fi","531,587"
The Usual Suspects,(1995),106 min,8.5,"Crime, Mystery, Thriller","979,172"
The Big Short,(2015),130 min,7.8,"Biography, Comedy, Drama","354,723"
12 Angry Men,(1957),96 min,9.0,"Crime, Drama","678,386"
The Notebook,(2004),123 min,7.8,"Drama, Romance","513,731"
The Exorcist,(1973),122 min,8.0,Horror,"359,380"
The Hobbit: An Unexpected Journey,(2012),169 min,7.8,"Adventure, Fantasy","750,398"
Rocky,(1976),120 min,8.1,"Drama, Sport","511,714"
Donnie Darko,(2001),113 min,8.0,"Drama, Mystery, Sci-Fi","733,617"
The Lord of the Rings: The Two Towers,(2002),179 min,8.7,"Action, Adventure, Drama","1,465,115"
The Hateful Eight,(2015),168 min,7.8,"Crime, Drama, Mystery","506,552"
Moana,(I) (2016),107 min,7.6,"Animation, Adventure, Comedy","266,151"
Spotlight,(I) (2015),129 min,8.1,"Biography, Crime, Drama","412,962"
Boogie Nights,(1997),155 min,7.9,Drama,"236,445"
The Pianist,(2002),150 min,8.5,"Biography, Drama, Music","717,742"
Skyfall,(2012),143 min,7.7,"Action, Adventure, Thriller","624,892"
La La Land,(2016),128 min,8.0,"Comedy, Drama, Music","495,283"
The Avengers,(2012),143 min,8.0,"Action, Adventure, Sci-Fi","1,249,699"
The Godfather: Part II,(1974),202 min,9.0,"Crime, Drama","1,112,655"
Star Wars: Episode VII - The Force Awakens,(2015),138 min,7.9,"Action, Adventure, Sci-Fi","851,239"
Drive,(I) (2011),100 min,7.8,"Crime, Drama","564,342"
Kingsman: The Secret Service,(2014),129 min,7.7,"Action, Adventure, Comedy","584,450"
Apollo 13,(I) (1995),140 min,7.6,"Adventure, Drama, History","264,917"
Batman Begins,(2005),140 min,8.2,"Action, Adventure","1,292,181"
The Bourne Identity,(2002),119 min,7.9,"Action, Mystery, Thriller","503,400"
The Girl with the Dragon Tattoo,(2011),158 min,7.8,"Crime, Drama, Mystery","416,014"
Black Swan,(2010),108 min,8.0,"Drama, Thriller","691,922"
300,(2006),117 min,7.6,"Action, Drama","726,906"
Zootopia,(2016),108 min,8.0,"Animation, Adventure, Comedy","426,739"
Almost Famous,(2000),122 min,7.9,"Adventure, Comedy, Drama","250,013"
Iron Man,(2008),126 min,7.9,"Action, Adventure, Sci-Fi","928,741"
Ferris Bueller's Day Off,(1986),103 min,7.8,Comedy,"317,908"
The Thing,(1982),109 min,8.1,"Horror, Mystery, Sci-Fi","366,335"
Bohemian Rhapsody,(2018),134 min,8.0,"Biography, Drama, Music","440,578"
A Star Is Born,(2018),136 min,7.6,"Drama, Music, Romance","325,600"
Memento,(2000),113 min,8.4,"Mystery, Thriller","1,111,516"
Marriage Story,(2019),137 min,8.0,"Comedy, Drama, Romance","236,212"
Stardust,(2007),127 min,7.6,"Adventure, Family, Fantasy","252,376"
There Will Be Blood,(2007),158 min,8.2,Drama,"509,516"
Sen to Chihiro no kamikakushi,(2001),125 min,8.6,"Animation, Adventure, Family","637,917"
American Gangster,(2007),157 min,7.8,"Biography, Crime, Drama","387,128"
Aliens,(1986),137 min,8.3,"Action, Adventure, Sci-Fi","645,924"
The Incredibles,(2004),115 min,8.0,"Animation, Action, Adventure","649,081"
Heat,(1995),170 min,8.2,"Crime, Drama, Thriller","568,839"
Dead Poets Society,(1989),128 min,8.1,"Comedy, Drama","417,284"
Casablanca,(1942),102 min,8.5,"Drama, Romance, War","515,523"
Ghostbusters,(1984),105 min,7.8,"Action, Comedy, Fantasy","351,509"
A Beautiful Mind,(2001),135 min,8.2,"Biography, Drama","837,136"
28 Days Later...,(2002),113 min,7.6,"Drama, Horror, Sci-Fi","373,156"
The Truman Show,(1998),103 min,8.1,"Comedy, Drama, Sci-Fi","923,736"
Scarface,(1983),170 min,8.3,"Crime, Drama","730,256"
Pan's Labyrinth,(2006),118 min,8.2,"Drama, Fantasy, War","612,457"
Psycho,(1960),109 min,8.5,"Horror, Mystery, Thriller","596,115"
Citizen Kane,(1941),119 min,8.3,"Drama, Mystery","394,200"
The Lion King,(1994),88 min,8.5,"Animation, Adventure, Drama","928,268"
Oldeuboi,(2003),120 min,8.4,"Action, Drama, Mystery","507,470"
Silver Linings Playbook,(2012),122 min,7.7,"Comedy, Drama, Romance","655,539"
2001: A Space Odyssey,(1968),149 min,8.3,"Adventure, Sci-Fi","595,090"
Lost in Translation,(2003),102 min,7.7,"Comedy, Drama","408,890"
Toy Story 4,(2019),100 min,7.8,"Animation, Adventure, Comedy","195,242"
Catch Me If You Can,(2002),141 min,8.1,"Biography, Crime, Drama","813,698"
Snatch,(2000),104 min,8.3,"Comedy, Crime","773,353"
Atonement,(2007),123 min,7.8,"Drama, Mystery, Romance","247,605"
Ex Machina,(2014),108 min,7.7,"Drama, Sci-Fi, Thriller","467,804"
The Terminator,(1984),107 min,8.0,"Action, Sci-Fi","792,510"
E.T. the Extra-Terrestrial,(1982),115 min,7.8,"Family, Sci-Fi","367,293"
Dallas Buyers Club,(2013),117 min,8.0,"Biography, Drama","434,988"
"Three Billboards Outside Ebbing, Missouri",(2017),115 min,8.2,"Comedy, Crime, Drama","420,279"
The Breakfast Club,(1985),97 min,7.8,"Comedy, Drama","353,212"
La vita è bella,(1997),116 min,8.6,"Comedy, Drama, Romance","613,842"
The Imitation Game,(2014),114 min,8.0,"Biography, Drama, Thriller","675,430"
Airplane!,(1980),88 min,7.7,Comedy,"211,728"
The Perks of Being a Wallflower,(2012),103 min,8.0,"Drama, Romance","456,386"
Hot Fuzz,(2007),121 min,7.8,"Action, Comedy, Mystery","458,634"
Arrival,(II) (2016),116 min,7.9,"Drama, Mystery, Sci-Fi","584,023"
True Romance,(1993),119 min,7.9,"Crime, Drama, Romance","204,591"
The Fifth Element,(1997),126 min,7.7,"Action, Adventure, Sci-Fi","429,510"
Terminator 2: Judgment Day,(1991),137 min,8.5,"Action, Sci-Fi","984,501"
Mulan,(1998),88 min,7.6,"Animation, Adventure, Family","252,148"
Star Wars: Episode V - The Empire Strikes Back,(1980),124 min,8.7,"Action, Adventure, Fantasy","1,143,594"
Cidade de Deus,(2002),130 min,8.6,"Crime, Drama","691,980"
Jaws,(1975),124 min,8.0,"Adventure, Thriller","539,546"
The Hangover,(2009),100 min,7.7,Comedy,"711,105"
The Help,(2011),146 min,8.0,Drama,"423,369"
Room,(I) (2015),118 min,8.1,"Drama, Thriller","363,875"
American History X,(1998),119 min,8.5,Drama,"1,023,635"
Sicario,(2015),121 min,7.6,"Action, Crime, Drama","365,602"
Star Wars: Episode VI - Return of the Jedi,(1983),131 min,8.3,"Action, Adventure, Fantasy","937,357"
Stand by Me,(1986),89 min,8.1,"Adventure, Drama","359,301"
The Wizard of Oz,(1939),102 min,8.0,"Adventure, Family, Fantasy","368,449"
"Il buono, il brutto, il cattivo",(1966),161 min,8.8,Western,"679,844"
Nightcrawler,(2014),117 min,7.9,"Crime, Drama, Thriller","456,716"
Once Upon a Time in America,(1984),229 min,8.4,"Crime, Drama","306,502"
Indiana Jones and the Temple of Doom,(1984),118 min,7.6,"Action, Adventure","443,276"
Mulholland Dr.,(2001),147 min,8.0,"Drama, Mystery, Thriller","317,122"
The Deer Hunter,(1978),183 min,8.1,"Drama, War","307,638"
Jagten,(2012),115 min,8.3,Drama,"274,501"
The Thin Red Line,(1998),170 min,7.6,"Drama, War","170,890"
Contratiempo,(2016),106 min,8.1,"Crime, Drama, Mystery","133,268"
Mary Poppins,(1964),139 min,7.8,"Comedy, Family, Fantasy","155,844"
It's a Wonderful Life,(1946),130 min,8.6,"Drama, Family, Fantasy","392,385"
Klaus,(2019),96 min,8.2,"Animation, Adventure, Comedy","79,173"
The Best Years of Our Lives,(1946),170 min,8.0,"Drama, Romance, War","56,773"
Where Eagles Dare,(1968),158 min,7.7,"Action, Adventure, War","51,296"
X: First Class,(2011),131 min,7.7,"Action, Adventure, Sci-Fi","640,854"
The Intouchables,(2011),112 min,8.5,"Biography, Comedy, Drama","746,259"
Hidden Figures,(2016),127 min,7.8,"Biography, Drama, History","196,704"
Edward Scissorhands,(1990),105 min,7.9,"Drama, Fantasy, Romance","442,405"
The Last of the Mohicans,(1992),112 min,7.7,"Action, Adventure, Drama","147,220"
Ratatouille,(2007),111 min,8.0,"Animation, Adventure, Comedy","631,796"
Kimi no na wa.,(2016),106 min,8.4,"Animation, Drama, Fantasy","186,253"
Ah-ga-ssi,(2016),145 min,8.1,"Drama, Romance, Thriller","108,665"
Wonder,(I) (2017),113 min,8.0,"Drama, Family","137,585"
Idi i smotri,(1985),142 min,8.3,"Drama, Thriller, War","56,645"
Salinui chueok,(2003),131 min,8.1,"Action, Crime, Drama","133,420"
Kill Bill: Vol. 1,(2003),111 min,8.1,"Action, Crime, Thriller","987,865"
Reservoir Dogs,(1992),99 min,8.3,"Crime, Drama, Thriller","906,695"
Into the Wild,(2007),148 min,8.1,"Adventure, Biography, Drama","565,798"
Sin City,(2005),124 min,8.0,"Crime, Thriller","735,712"
The Bourne Supremacy,(2004),108 min,7.7,"Action, Mystery, Thriller","430,602"
Scent of a Woman,(1992),156 min,8.0,Drama,"258,381"
Children of Men,(2006),109 min,7.9,"Adventure, Drama, Sci-Fi","460,934"
The Dirty Dozen,(1967),150 min,7.7,"Action, Adventure, War","66,508"
Big Fish,(2003),125 min,8.0,"Adventure, Drama, Fantasy","411,801"
Casino,(1995),178 min,8.2,"Crime, Drama","459,310"
Captain America: Civil War,(2016),147 min,7.8,"Action, Adventure, Sci-Fi","652,781"
12 Years a Slave,(2013),134 min,8.1,"Biography, Drama, History","631,617"
What We Do in the Shadows,(2014),86 min,7.7,"Comedy, Horror","154,496"
Warrior,(2011),140 min,8.2,"Action, Drama, Sport","431,443"
Der Untergang,(2004),156 min,8.2,"Biography, Drama, History","327,821"
Vertigo,(1958),128 min,8.3,"Mystery, Romance, Thriller","358,906"
As Good as It Gets,(1997),139 min,7.7,"Comedy, Drama, Romance","272,303"
Trainspotting,(1996),93 min,8.1,Drama,"628,446"
The Sixth Sense,(1999),107 min,8.1,"Drama, Mystery, Thriller","902,376"
Tangled,(2010),100 min,7.7,"Animation, Adventure, Comedy","400,433"
Der Name der Rose,(1986),130 min,7.7,"Crime, Drama, Mystery","100,919"
Birdman or (The Unexpected Virtue of Ignorance),(2014),119 min,7.7,"Comedy, Drama","572,696"
Inside Out,(I) (2015),95 min,8.1,"Animation, Adventure, Comedy","601,720"
Wind River,(2017),107 min,7.7,"Crime, Drama, Mystery","198,753"
Argo,(2012),120 min,7.7,"Biography, Drama, Thriller","567,228"
Apocalypto,(2006),139 min,7.8,"Action, Adventure, Drama","288,460"
Brokeback Mountain,(2005),134 min,7.7,"Drama, Romance","319,778"
The Hobbit: The Desolation of Smaug,(2013),161 min,7.8,"Adventure, Fantasy","594,943"
Predator,(1987),107 min,7.8,"Action, Adventure, Sci-Fi","367,721"
The Sound of Music,(1965),172 min,8.0,"Biography, Drama, Family","200,526"
Captain Fantastic,(2016),118 min,7.9,"Comedy, Drama","185,468"
Dances with Wolves,(1990),181 min,8.0,"Adventure, Drama, Western","237,247"
Hunt for the Wilderpeople,(2016),101 min,7.9,"Adventure, Comedy, Drama","107,831"
Minority Report,(2002),145 min,7.6,"Action, Crime, Mystery","503,235"
Coraline,(2009),100 min,7.7,"Animation, Drama, Family","195,024"
Remember the Titans,(2000),113 min,7.8,"Biography, Drama, Sport","195,996"
Inside Man,(2006),129 min,7.6,"Crime, Drama, Mystery","334,347"
Capharnaüm,(2018),126 min,8.4,Drama,"57,986"
Manchester by the Sea,(2016),137 min,7.8,Drama,"242,404"
Saw,(2004),103 min,7.6,"Horror, Mystery","375,753"
Shaun of the Dead,(2004),99 min,7.9,"Comedy, Horror","507,252"
Incredibles 2,(2018),118 min,7.6,"Animation, Action, Adventure","243,806"
The Bourne Ultimatum,(2007),115 min,8.0,"Action, Mystery, Thriller","600,702"
The Theory of Everything,(2014),123 min,7.7,"Biography, Drama, Romance","397,623"
Before Sunrise,(1995),101 min,8.1,"Drama, Romance","267,095"
The Lives of Others,(2006),137 min,8.4,"Drama, Mystery, Thriller","353,896"
Zombieland,(2009),88 min,7.6,"Adventure, Comedy, Fantasy","515,406"
Back to the Future Part II,(1989),108 min,7.8,"Adventure, Comedy, Sci-Fi","474,761"
Unforgiven,(1992),130 min,8.2,"Drama, Western","371,360"
The Blind Side,(2009),129 min,7.6,"Biography, Drama, Sport","289,062"
Sherlock Holmes,(2009),128 min,7.6,"Action, Adventure, Mystery","578,151"
La vie d'Adèle,(2013),180 min,7.7,"Drama, Romance","136,905"
Cast Away,(2000),143 min,7.8,"Adventure, Drama, Romance","516,324"
The Godfather: Part III,(1990),162 min,7.6,"Crime, Drama","353,963"
L.A. Confidential,(1997),138 min,8.2,"Crime, Drama, Mystery","526,281"
Star Trek Into Darkness,(2013),132 min,7.7,"Action, Adventure, Sci-Fi","460,528"
The Royal Tenenbaums,(2001),110 min,7.6,"Comedy, Drama","263,658"
"Monsters, Inc.",(2001),92 min,8.0,"Animation, Adventure, Comedy","804,272"
The Pursuit of Happyness,(2006),117 min,8.0,"Biography, Drama","442,306"
X-Men: Days of Future Past,(2014),132 min,7.9,"Action, Adventure, Sci-Fi","654,561"
District 9,(2009),112 min,7.9,"Action, Sci-Fi, Thriller","634,031"
Amélie,(2001),122 min,8.3,"Comedy, Romance","696,337"
Papillon,(1973),151 min,8.0,"Biography, Crime, Drama","120,512"
Gran Torino,(2008),116 min,8.1,Drama,"713,475"
Black Hawk Down,(2001),144 min,7.7,"Drama, History, War","360,908"
Twelve Monkeys,(1995),129 min,8.0,"Mystery, Sci-Fi, Thriller","572,695"
The Blues Brothers,(1980),133 min,7.9,"Action, Adventure, Comedy","180,823"
What's Eating Gilbert Grape,(1993),118 min,7.8,Drama,"212,261"
Once Upon a Time in the West,(1968),165 min,8.5,Western,"299,019"
Captain America: The Winter Soldier,(2014),136 min,7.7,"Action, Adventure, Sci-Fi","726,426"
Serenity,(2005),119 min,7.8,"Action, Adventure, Sci-Fi","281,433"
Dr. Strangelove or: How I Learned to Stop Worrying and Love the Bomb,(1964),95 min,8.4,Comedy,"445,472"
Incendies,(2010),131 min,8.3,"Drama, Mystery, War","146,046"
Amadeus,(1984),160 min,8.3,"Biography, Drama, History","364,785"
Gone with the Wind,(1939),238 min,8.1,"Drama, History, Romance","286,638"
Hauru no ugoku shiro,(2004),119 min,8.2,"Animation, Adventure, Family","326,067"
Slumdog Millionaire,(2008),120 min,8.0,"Drama, Romance","791,695"
Young Frankenstein,(1974),106 min,8.0,Comedy,"142,016"
Shrek,(2001),90 min,7.8,"Animation, Adventure, Comedy","606,382"
Kick-Ass,(2010),117 min,7.6,"Action, Comedy, Crime","520,947"
Magnolia,(1999),188 min,8.0,Drama,"286,904"
Mystic River,(2003),138 min,7.9,"Crime, Drama, Mystery","414,938"
The Right Stuff,(1983),193 min,7.8,"Adventure, Biography, Drama","55,591"
The Magnificent Seven,(1960),128 min,7.7,"Action, Adventure, Western","86,726"
Sleepers,(1996),147 min,7.6,"Crime, Drama, Thriller","185,037"
First Blood,(1982),93 min,7.7,"Action, Adventure","223,735"
Walk the Line,(2005),136 min,7.8,"Biography, Drama, Music","231,680"
Freaks,(1932),64 min,7.9,"Drama, Horror","41,739"
Finding Nemo,(2003),100 min,8.1,"Animation, Adventure, Comedy","937,629"
"Lock, Stock and Two Smoking Barrels",(1998),107 min,8.2,"Action, Comedy, Crime","529,440"
Taken,(I) (2008),90 min,7.8,"Action, Thriller","561,108"
"O Brother, Where Art Thou?",(2000),107 min,7.7,"Adventure, Comedy, Crime","282,206"
Moonrise Kingdom,(2012),94 min,7.8,"Comedy, Drama, Romance","315,000"
The Others,(2001),101 min,7.6,"Horror, Mystery, Thriller","334,007"
Primal Fear,(1996),129 min,7.7,"Crime, Drama, Mystery","185,824"
Deliverance,(1972),109 min,7.7,"Adventure, Drama, Thriller","97,810"
Crash,(I) (2004),112 min,7.7,"Crime, Drama, Thriller","417,079"
Who Framed Roger Rabbit,(1988),104 min,7.7,"Animation, Adventure, Comedy","180,172"
A Few Good Men,(1992),138 min,7.7,"Drama, Thriller","232,256"
Willy Wonka & the Chocolate Factory,(1971),100 min,7.8,"Family, Fantasy, Musical","176,127"
3 Idiots,(2009),170 min,8.4,"Comedy, Drama","337,831"
Shichinin no samurai,(1954),207 min,8.6,"Action, Adventure, Drama","311,762"
Being John Malkovich,(1999),113 min,7.7,"Comedy, Drama, Fantasy","309,162"
The Game,(1997),129 min,7.8,"Action, Drama, Mystery","340,471"
Up,(2009),96 min,8.2,"Animation, Adventure, Comedy","922,028"
"Planes, Trains and Automobiles",(1987),93 min,7.6,"Comedy, Drama","120,739"
JFK,(1991),189 min,8.0,"Drama, History, Thriller","140,260"
Enemy at the Gates,(2001),131 min,7.6,"Drama, History, War","240,849"
Training Day,(2001),122 min,7.7,"Crime, Drama, Thriller","385,286"
Rear Window,(1954),112 min,8.4,"Mystery, Thriller","438,033"
Rosemary's Baby,(1968),137 min,8.0,"Drama, Horror","191,125"
Office Space,(1999),89 min,7.7,Comedy,"239,336"
The Butterfly Effect,(2004),113 min,7.6,"Drama, Sci-Fi, Thriller","447,523"
Midnight in Paris,(2011),96 min,7.7,"Comedy, Fantasy, Romance","383,839"
The Fugitive,(1993),130 min,7.8,"Action, Crime, Drama","264,472"
Blood Diamond,(2006),143 min,8.0,"Adventure, Drama, Thriller","493,822"
The Warriors,(1979),92 min,7.6,"Action, Crime, Thriller","92,760"
The Count of Monte Cristo,(2002),131 min,7.8,"Action, Adventure, Drama","127,854"
Lion,(2016),118 min,8.0,"Biography, Drama","209,996"
WALL·E,(2008),98 min,8.4,"Animation, Adventure, Family","985,567"
The Man Who Would Be King,(1975),129 min,7.8,"Adventure, History, War","44,032"
Groundhog Day,(1993),101 min,8.0,"Comedy, Fantasy, Romance","573,153"
Mononoke-hime,(1997),134 min,8.4,"Animation, Adventure, Fantasy","336,667"
Million Dollar Baby,(2004),132 min,8.1,"Drama, Sport","629,023"
Little Miss Sunshine,(2006),101 min,7.8,"Comedy, Drama","435,507"
The King's Speech,(2010),118 min,8.0,"Biography, Drama, History","633,011"
Seven Pounds,(2008),123 min,7.6,"Drama, Romance","284,354"
The Last Samurai,(2003),154 min,7.7,"Action, Drama","395,899"
Rush,(I) (2013),123 min,8.1,"Action, Biography, Drama","427,442"
Raging Bull,(1980),129 min,8.2,"Biography, Drama, Sport","317,679"
Fear and Loathing in Las Vegas,(1998),118 min,7.6,"Adventure, Comedy, Drama","257,336"
The Color Purple,(1985),154 min,7.8,Drama,"77,388"
Aladdin,(1992),90 min,8.0,"Animation, Adventure, Comedy","369,901"
Misery,(1990),107 min,7.8,"Drama, Thriller","181,873"
The Fault in Our Stars,(2014),126 min,7.7,"Drama, Romance","340,406"
The Machinist,(2004),101 min,7.7,"Drama, Thriller","354,408"
In the Name of the Father,(1993),133 min,8.1,"Biography, Drama","154,785"
The Graduate,(1967),106 min,8.0,"Comedy, Drama, Romance","251,595"
Blazing Saddles,(1974),93 min,7.7,"Comedy, Western","124,704"
The Bridge on the River Kwai,(1957),161 min,8.1,"Adventure, Drama, War","201,073"
Changeling,(2008),141 min,7.7,"Biography, Crime, Drama","236,710"
Chinatown,(1974),130 min,8.1,"Drama, Mystery, Thriller","290,376"
How to Train Your Dragon,(2010),98 min,8.1,"Animation, Action, Adventure","658,278"
The Fly,(1986),96 min,7.6,"Drama, Horror, Sci-Fi","157,910"
Billy Elliot,(2000),110 min,7.7,"Drama, Music","125,233"
Fantastic Mr. Fox,(2009),87 min,7.9,"Animation, Adventure, Comedy","195,651"
Only the Brave,(2017),134 min,7.6,"Action, Biography, Drama","56,552"
Monty Python and the Holy Grail,(1975),91 min,8.2,"Adventure, Comedy, Fantasy","496,072"
A Christmas Story,(1983),94 min,7.9,"Comedy, Family","128,207"
Sense and Sensibility,(1995),136 min,7.6,"Drama, Romance","100,926"
Beauty and the Beast,(1991),84 min,8.0,"Animation, Family, Fantasy","413,653"
Big Hero 6,(2014),102 min,7.8,"Animation, Action, Adventure","405,308"
Road to Perdition,(2002),117 min,7.7,"Crime, Drama, Thriller","244,174"
(500) Days of Summer,(2009),95 min,7.7,"Comedy, Drama, Romance","468,042"
True Grit,(2010),110 min,7.6,"Drama, Western","308,120"
Glory,(1989),122 min,7.8,"Biography, Drama, History","120,848"
Mad Max 2,(1981),96 min,7.6,"Action, Adventure, Sci-Fi","164,889"
Toy Story 3,(2010),103 min,8.3,"Animation, Adventure, Comedy","747,609"
Butch Cassidy and the Sundance Kid,(1969),110 min,8.0,"Biography, Crime, Drama","200,360"
Moon,(2009),97 min,7.9,"Drama, Mystery, Sci-Fi","332,313"
Gravity,(2013),91 min,7.7,"Drama, Sci-Fi, Thriller","761,732"
Blue Velvet,(1986),120 min,7.7,"Drama, Mystery, Thriller","178,749"
Breakfast at Tiffany's,(1961),115 min,7.6,"Comedy, Drama, Romance","164,621"
Y tu mamá también,(2001),106 min,7.6,Drama,"114,685"
Gifted,(2017),101 min,7.6,Drama,"97,634"
Bridge of Spies,(2015),142 min,7.6,"Drama, History, Thriller","283,996"
Kill Bill: Vol. 2,(2004),137 min,8.0,"Action, Crime, Thriller","675,581"
Hotaru no haka,(1988),89 min,8.5,"Animation, Drama, War","230,171"
Lawrence of Arabia,(1962),228 min,8.3,"Adventure, Biography, Drama","264,561"
Captain Phillips,(2013),134 min,7.8,"Adventure, Biography, Crime","416,054"
The Florida Project,(2017),111 min,7.6,Drama,"92,404"
Gattaca,(1997),106 min,7.8,"Drama, Sci-Fi, Thriller","278,166"
Koe no katachi,(2016),130 min,8.1,"Animation, Drama, Family","44,045"
Blow,(2001),124 min,7.6,"Biography, Crime, Drama","238,473"
The Little Mermaid,(1989),83 min,7.6,"Animation, Family, Fantasy","234,560"
El secreto de sus ojos,(2009),129 min,8.2,"Drama, Mystery, Romance","190,320"
The Birds,(1963),119 min,7.7,"Drama, Horror, Mystery","169,584"
The Boy in the Striped Pyjamas,(2008),94 min,7.8,"Drama, War","187,999"
Do the Right Thing,(1989),120 min,8.0,"Comedy, Drama","87,824"
The Sandlot,(1993),101 min,7.8,"Comedy, Drama, Family","78,070"
Togo,(2019),113 min,8.0,"Adventure, Biography, Drama","33,588"
Despicable Me,(2010),95 min,7.6,"Animation, Comedy, Crime","495,339"
Roma,(2018),135 min,7.7,Drama,"137,236"
Dangal,(2016),161 min,8.4,"Action, Biography, Drama","151,842"
In Bruges,(2008),107 min,7.9,"Comedy, Crime, Drama","386,837"
Hell or High Water,(II) (2016),102 min,7.6,"Action, Crime, Drama","200,967"
Man on Fire,(2004),146 min,7.7,"Action, Crime, Drama","326,267"
The Elephant Man,(1980),124 min,8.1,"Biography, Drama","217,154"
The Great Escape,(1963),172 min,8.2,"Adventure, Drama, History","221,986"
Creed,(II) (2015),133 min,7.6,"Drama, Sport","244,404"
Brazil,(1985),132 min,7.9,"Drama, Sci-Fi","185,929"
The Fighter,(I) (2010),116 min,7.8,"Biography, Drama, Sport","336,887"
Ang-ma-reul bo-at-da,(2010),144 min,7.8,"Action, Crime, Drama","108,777"
Wreck-It Ralph,(2012),101 min,7.7,"Animation, Adventure, Comedy","375,258"
Det sjunde inseglet,(1957),96 min,8.2,"Drama, Fantasy","161,954"
Toy Story 2,(1999),92 min,7.9,"Animation, Adventure, Comedy","520,501"
Barry Lyndon,(1975),185 min,8.1,"Adventure, Drama, History","147,352"
The Sting,(1973),129 min,8.3,"Comedy, Crime, Drama","238,731"
North by Northwest,(1959),136 min,8.3,"Adventure, Mystery, Thriller","295,411"
Boyhood,(I) (2014),165 min,7.9,Drama,"332,902"
Donnie Brasco,(1997),127 min,7.7,"Biography, Crime, Drama","275,372"
To Kill a Mockingbird,(1962),129 min,8.2,"Crime, Drama","291,238"
Straight Outta Compton,(2015),147 min,7.8,"Biography, Drama, History","177,552"
Mr. Nobody,(2009),141 min,7.8,"Drama, Fantasy, Romance","213,936"
Fa yeung nin wah,(2000),98 min,8.1,"Drama, Romance","121,465"
The Farewell,(I) (2019),100 min,7.6,"Comedy, Drama","47,617"
Fried Green Tomatoes,(1991),130 min,7.7,Drama,"66,153"
La piel que habito,(2011),120 min,7.6,"Drama, Horror, Thriller","136,942"
Akira,(1988),124 min,8.0,"Animation, Action, Sci-Fi","162,285"
Stalker,(1979),162 min,8.2,"Drama, Sci-Fi","114,395"
Planet of the Apes,(1968),112 min,8.0,"Adventure, Sci-Fi","164,008"
Traffic,(2000),147 min,7.6,"Crime, Drama, Thriller","194,337"
Ben-Hur,(1959),212 min,8.1,"Adventure, Drama, History","216,880"
Gone Baby Gone,(2007),114 min,7.6,"Crime, Drama, Mystery","247,663"
Lethal Weapon,(1987),109 min,7.6,"Action, Crime, Thriller","234,103"
Dil Bechara,(2020),101 min,7.9,"Comedy, Drama, Romance","107,616"
Dog Day Afternoon,(1975),125 min,8.0,"Biography, Crime, Drama","233,078"
Rain Man,(1988),133 min,8.0,Drama,"468,452"
Män som hatar kvinnor,(2009),152 min,7.8,"Crime, Drama, Mystery","207,357"
Seppuku,(1962),133 min,8.6,"Action, Drama, Mystery","39,674"
Eastern Promises,(2007),100 min,7.6,"Action, Crime, Drama","225,674"
Midnight Cowboy,(1969),113 min,7.8,Drama,"99,764"
The Boondock Saints,(1999),108 min,7.8,"Action, Crime, Thriller","225,822"
Hachi: A Dog's Tale,(2009),93 min,8.1,"Drama, Family","249,130"
Evil Dead II,(1987),84 min,7.8,"Action, Comedy, Fantasy","146,916"
Dangerous Liaisons,(1988),119 min,7.6,"Drama, Romance","63,935"
Some Like It Hot,(1959),121 min,8.2,"Comedy, Music, Romance","240,758"
When Harry Met Sally...,(1989),95 min,7.6,"Comedy, Drama, Romance","192,857"
Dogville,(2003),178 min,8.0,"Crime, Drama","136,347"
La haine,(1995),98 min,8.1,"Crime, Drama","147,249"
Before Sunset,(2004),80 min,8.1,"Drama, Romance","232,177"
Falling Down,(1993),113 min,7.6,"Action, Crime, Drama","168,448"
Adaptation.,(2002),115 min,7.7,"Comedy, Drama","176,535"
Life of Pi,(2012),127 min,7.9,"Adventure, Drama, Fantasy","574,771"
Rushmore,(1998),93 min,7.7,"Comedy, Drama, Romance","167,515"
"Paris, Texas",(1984),145 min,8.1,Drama,"88,607"
From Here to Eternity,(1953),118 min,7.6,"Drama, Romance, War","42,875"
Paths of Glory,(1957),88 min,8.4,"Drama, War","175,425"
The Lego Movie,(2014),100 min,7.7,"Animation, Action, Adventure","321,503"
Philadelphia,(1993),125 min,7.7,Drama,"221,567"
La montaña sagrada,(1973),114 min,7.9,"Adventure, Drama, Fantasy","36,129"
A Bronx Tale,(1993),121 min,7.8,"Crime, Drama, Romance","126,476"
Dark City,(1998),100 min,7.6,"Mystery, Sci-Fi, Thriller","186,533"
Das Boot,(1981),149 min,8.3,"Adventure, Drama, Thriller","229,038"
Serbuan maut,(2011),101 min,7.6,"Action, Thriller","188,762"
Nuovo Cinema Paradiso,(1988),155 min,8.5,Drama,"226,603"
Manbiki kazoku,(2018),121 min,8.0,"Crime, Drama","59,266"
Yedinci Kogustaki Mucize,(2019),132 min,8.3,Drama,"31,012"
Match Point,(2005),124 min,7.6,"Drama, Romance, Thriller","204,450"
Kelly's Heroes,(1970),144 min,7.6,"Adventure, Comedy, War","44,785"
Close Encounters of the Third Kind,(1977),138 min,7.6,"Drama, Sci-Fi","182,542"
Spartacus,(1960),197 min,7.9,"Adventure, Biography, Drama","123,118"
The French Connection,(1971),104 min,7.7,"Action, Crime, Drama","108,655"
Isle of Dogs,(2018),101 min,7.9,"Animation, Adventure, Comedy","135,604"
Carlito's Way,(1993),144 min,7.9,"Crime, Drama, Thriller","198,650"
Before Midnight,(2013),109 min,7.9,"Drama, Romance","138,774"
Madeo,(2009),129 min,7.8,"Crime, Drama, Mystery","50,728"
A Hard Day's Night,(1964),87 min,7.6,"Comedy, Music, Musical","39,870"
Searching,(III) (2018),102 min,7.6,"Drama, Mystery, Thriller","136,718"
All the President's Men,(1976),138 min,8.0,"Biography, Drama, History","101,213"
À bout de souffle,(1960),90 min,7.8,"Crime, Drama","72,126"
The Insider,(1999),157 min,7.8,"Biography, Drama, Thriller","158,258"
End of Watch,(2012),109 min,7.6,"Action, Crime, Drama","226,111"
The Illusionist,(2006),110 min,7.6,"Drama, Fantasy, Mystery","352,472"
The Jungle Book,(1967),78 min,7.6,"Animation, Adventure, Family","164,230"
Metropolis,(1927),153 min,8.3,"Drama, Sci-Fi","158,085"
Tonari no Totoro,(1988),86 min,8.2,"Animation, Family, Fantasy","284,429"
Night of the Living Dead,(1968),96 min,7.9,"Horror, Thriller","115,438"
Relatos salvajes,(2014),122 min,8.1,"Comedy, Drama, Thriller","173,598"
Lost Highway,(1997),134 min,7.6,"Mystery, Thriller","129,274"
Lord of War,(2005),122 min,7.6,"Action, Crime, Drama","291,842"
Fiddler on the Roof,(1971),181 min,8.0,"Drama, Family, Musical","38,843"
3:10 to Yuma,(2007),122 min,7.7,"Action, Crime, Drama","286,230"
Empire of the Sun,(1987),153 min,7.7,"Action, Drama, History","114,296"
Singin' in the Rain,(1952),103 min,8.3,"Comedy, Musical, Romance","215,776"
Kôkaku Kidôtai,(1995),83 min,8.0,"Animation, Action, Crime","127,195"
Life of Brian,(1979),94 min,8.1,Comedy,"363,062"
Sing Street,(2016),106 min,7.9,"Comedy, Drama, Music","83,890"
Sunset Blvd.,(1950),110 min,8.4,"Drama, Film-Noir","198,805"
Ran,(1985),162 min,8.2,"Action, Drama, War","110,710"
This Is Spinal Tap,(1984),82 min,7.9,"Comedy, Music","127,596"
The Bridges of Madison County,(1995),135 min,7.6,"Drama, Romance","72,101"
Awakenings,(1990),121 min,7.8,"Biography, Drama","122,621"
Låt den rätte komma in,(2008),114 min,7.9,"Crime, Drama, Fantasy","204,288"
Wo hu cang long,(2000),120 min,7.8,"Action, Adventure, Fantasy","251,089"
Amores perros,(2000),154 min,8.1,"Drama, Thriller","221,299"
Batoru rowaiaru,(2000),114 min,7.6,"Action, Adventure, Drama","167,685"
Per un pugno di dollari,(1964),99 min,8.0,"Action, Drama, Western","195,416"
Barton Fink,(1991),116 min,7.7,"Comedy, Drama, Thriller","111,997"
Naked,(1993),132 min,7.8,"Comedy, Drama","33,842"
The Wrestler,(2008),109 min,7.9,"Drama, Sport","287,678"
After Hours,(1985),97 min,7.7,"Comedy, Crime, Drama","58,036"
Frost/Nixon,(2008),122 min,7.7,"Biography, Drama, History","102,329"
Doctor Zhivago,(1965),197 min,8.0,"Drama, Romance, War","68,951"
Solaris,(1972),167 min,8.1,"Drama, Mystery, Sci-Fi","79,572"
Bound by Honor,(1993),180 min,8.0,"Crime, Drama","28,556"
Robin Hood,(1973),83 min,7.6,"Animation, Adventure, Comedy","114,153"
Pâfekuto burû,(1997),81 min,8.0,"Animation, Crime, Mystery","56,053"
"Synecdoche, New York",(2008),124 min,7.6,Drama,"81,744"
The Ten Commandments,(1956),220 min,7.9,"Adventure, Drama","62,900"
Dawn of the Dead,(1978),127 min,7.9,"Action, Adventure, Horror","110,611"
High Noon,(1952),85 min,7.9,"Drama, Thriller, Western","96,296"
Andhadhun,(2018),139 min,8.3,"Crime, Drama, Music","68,609"
La migliore offerta,(2013),131 min,7.8,"Crime, Drama, Mystery","106,565"
The Naked Gun: From the Files of Police Squad!,(1988),85 min,7.6,"Comedy, Crime","150,559"
Jodaeiye Nader az Simin,(2011),123 min,8.3,"Drama, Thriller","216,710"
Cool Hand Luke,(1967),127 min,8.1,"Crime, Drama","159,846"
Flipped,(I) (2010),90 min,7.7,"Comedy, Drama, Romance","80,623"
Dirty Harry,(1971),102 min,7.7,"Action, Crime, Thriller","141,823"
The Last Picture Show,(1971),118 min,8.0,"Drama, Romance","41,785"
How to Train Your Dragon 2,(2014),102 min,7.8,"Animation, Action, Adventure","301,606"
Patton,(1970),172 min,7.9,"Biography, Drama, War","93,081"
A Streetcar Named Desire,(1951),122 min,8.0,Drama,"98,082"
Die Hard: With a Vengeance,(1995),128 min,7.6,"Action, Adventure, Thriller","359,970"
Annie Hall,(1977),93 min,8.0,"Comedy, Romance","249,928"
Roman Holiday,(1953),118 min,8.0,"Comedy, Romance","125,896"
Snow White and the Seven Dwarfs,(1937),83 min,7.6,"Animation, Family, Fantasy","179,231"
The Last King of Scotland,(2006),123 min,7.7,"Biography, Drama, History","173,937"
The Man from Earth,(2007),87 min,7.9,"Drama, Fantasy, Sci-Fi","172,263"
The Apartment,(1960),125 min,8.3,"Comedy, Drama, Romance","161,516"
The Iron Giant,(1999),86 min,8.0,"Animation, Action, Adventure","170,028"
A Little Princess,(1995),97 min,7.7,"Drama, Family, Fantasy","31,842"
The Artist,(I) (2011),100 min,7.9,"Comedy, Drama, Romance","228,880"
The King of Comedy,(1982),109 min,7.8,"Comedy, Crime, Drama","86,275"
Per qualche dollaro in più,(1965),132 min,8.3,Western,"229,454"
The Longest Day,(1962),178 min,7.8,"Action, Drama, History","51,766"
Network,(1976),121 min,8.1,Drama,"143,364"
Miller's Crossing,(1990),115 min,7.7,"Crime, Drama, Thriller","124,708"
El cuerpo,(2012),112 min,7.6,"Mystery, Thriller","55,886"
Yip Man,(2008),106 min,8.0,"Action, Biography, Drama","209,600"
Hotel Rwanda,(2004),121 min,8.1,"Biography, Drama, History","331,557"
The Conversation,(1974),113 min,7.8,"Drama, Mystery, Thriller","96,845"
Ed Wood,(1994),127 min,7.8,"Biography, Comedy, Drama","163,950"
Nosferatu,(1922),94 min,7.9,"Fantasy, Horror","87,923"
Mississippi Burning,(1988),128 min,7.8,"Crime, Drama, History","87,017"
Funny Games,(1997),108 min,7.6,"Crime, Drama, Thriller","63,921"
Taare Zameen Par,(2007),165 min,8.4,"Drama, Family","165,105"
Gangs of Wasseypur,(2012),321 min,8.2,"Action, Crime, Drama","80,397"
Finding Neverland,(2004),106 min,7.7,"Biography, Drama, Family","197,266"
21 Grams,(2003),124 min,7.6,"Crime, Drama, Thriller","222,719"
M - Eine Stadt sucht einen Mörder,(1931),117 min,8.3,"Crime, Mystery, Thriller","141,428"
Chung Hing sam lam,(1994),102 min,8.1,"Comedy, Crime, Drama","61,344"
Charade,(1963),113 min,7.9,"Comedy, Mystery, Romance","67,364"
Fantasia,(1940),125 min,7.7,"Animation, Family, Fantasy","87,609"
The Fall,(2006),117 min,7.9,"Adventure, Drama, Fantasy","106,550"
La dolce vita,(1960),174 min,8.0,"Comedy, Drama","65,556"
The Wild Bunch,(1969),145 min,7.9,"Action, Adventure, Western","76,710"
Persona,(1966),85 min,8.1,"Drama, Thriller","100,879"
Blood Simple,(1984),99 min,7.6,"Crime, Drama, Thriller","86,498"
Tumbbad,(2018),104 min,8.3,"Drama, Fantasy, Horror","26,008"
The Searchers,(1956),119 min,7.9,"Adventure, Drama, Western","79,336"
Enter the Dragon,(1973),102 min,7.7,"Action, Crime, Drama","95,319"
Majo no takkyûbin,(1989),103 min,7.8,"Animation, Adventure, Drama","120,960"
I Am Sam,(2001),132 min,7.7,Drama,"141,914"
Gake no ue no Ponyo,(2008),101 min,7.7,"Animation, Adventure, Comedy","122,549"
Kaze no tani no Naushika,(1984),117 min,8.1,"Animation, Adventure, Fantasy","147,841"
Le Petit Prince,(2015),108 min,7.7,"Animation, Adventure, Drama","55,918"
Serbuan maut 2: Berandal,(2014),150 min,8.0,"Action, Crime, Thriller","113,145"
Escape from Alcatraz,(1979),112 min,7.6,"Action, Biography, Crime","119,354"
October Sky,(1999),108 min,7.8,"Biography, Drama, Family","81,678"
Gandhi,(1982),191 min,8.0,"Biography, Drama, History","216,337"
Kung fu,(2004),99 min,7.7,"Action, Comedy, Fantasy","125,992"
Badlands,(1973),94 min,7.8,"Action, Crime, Drama","64,932"
Rio Bravo,(1959),141 min,8.0,"Action, Drama, Western","55,522"
Glengarry Glen Ross,(1992),100 min,7.7,"Crime, Drama, Mystery","94,790"
50/50,(2011),100 min,7.6,"Comedy, Drama, Romance","313,564"
Days of Heaven,(1978),94 min,7.8,"Drama, Romance","51,915"
Malcolm X,(1992),202 min,7.7,"Biography, Drama, History","84,491"
Sling Blade,(1996),135 min,8.0,Drama,"86,220"
Dawn of the Planet of the Apes,(2014),130 min,7.6,"Action, Adventure, Drama","408,900"
This Is England,(2006),101 min,7.7,"Crime, Drama","114,870"
La grande bellezza,(2013),141 min,7.8,Drama,"79,810"
Ordinary People,(1980),124 min,7.7,Drama,"46,352"
Clerks,(1994),92 min,7.7,Comedy,"210,335"
The Hustler,(1961),134 min,8.0,"Drama, Sport","74,508"
Kramer vs. Kramer,(1979),105 min,7.8,Drama,"131,480"
The Third Man,(1949),104 min,8.1,"Film-Noir, Mystery, Thriller","156,977"
My Fair Lady,(1964),170 min,7.8,"Drama, Family, Musical","85,492"
25th Hour,(2002),135 min,7.6,Drama,"168,756"
All That Jazz,(1979),123 min,7.9,"Drama, Music, Musical","27,727"
Giant,(1956),201 min,7.6,"Drama, Western","33,624"
Witness for the Prosecution,(1957),116 min,8.4,"Crime, Drama, Mystery","106,819"
Detachment,(2011),98 min,7.7,Drama,"75,997"
Paddington 2,(2017),103 min,7.8,"Adventure, Comedy, Family","59,279"
Rebel Without a Cause,(1955),111 min,7.7,Drama,"82,431"
Beasts of No Nation,(2015),137 min,7.7,"Drama, War","72,728"
Peeping Tom,(1960),101 min,7.7,"Drama, Horror, Thriller","30,939"
On the Waterfront,(1954),108 min,8.1,"Crime, Drama, Thriller","140,278"
Dancer in the Dark,(2000),140 min,8.0,"Crime, Drama, Musical","101,023"
Fanny och Alexander,(1982),188 min,8.1,Drama,"56,834"
The Great Dictator,(1940),125 min,8.4,"Comedy, Drama, War","200,211"
En man som heter Ove,(2015),116 min,7.7,"Comedy, Drama, Romance","46,068"
Star Trek II: The Wrath of Khan,(1982),113 min,7.7,"Action, Adventure, Sci-Fi","111,668"
Bãhubali: The Beginning,(2015),159 min,8.1,"Action, Drama","101,367"
Bonnie and Clyde,(1967),111 min,7.8,"Action, Biography, Crime","101,163"
Abre los ojos,(1997),119 min,7.7,"Drama, Mystery, Sci-Fi","63,492"
Letters from Iwo Jima,(2006),141 min,7.9,"Action, Adventure, Drama","153,019"
Serpico,(1973),130 min,7.7,"Biography, Crime, Drama","108,154"
Me and Earl and the Dying Girl,(2015),105 min,7.7,"Comedy, Drama","121,811"
Cinderella Man,(2005),144 min,8.0,"Biography, Drama, History","174,615"
All About Eve,(1950),138 min,8.2,Drama,"119,159"
Midnight Express,(1978),121 min,7.6,"Biography, Crime, Drama","72,897"
Kis Uykusu,(2014),196 min,8.1,Drama,"44,883"
The Outlaw Josey Wales,(1976),135 min,7.8,Western,"64,816"
Dial M for Murder,(1954),105 min,8.2,"Crime, Thriller","155,850"
The Last Emperor,(1987),163 min,7.7,"Biography, Drama, History","92,995"
Miracle on 34th Street,(1947),96 min,7.9,"Comedy, Drama, Family","39,355"
Modern Times,(1936),87 min,8.5,"Comedy, Drama, Family","214,383"
King Kong,(1933),100 min,7.9,"Adventure, Horror, Sci-Fi","78,172"
Double Indemnity,(1944),107 min,8.3,"Crime, Drama, Film-Noir","141,587"
Rope,(1948),80 min,8.0,"Crime, Drama, Mystery","127,872"
Cabaret,(1972),124 min,7.8,"Drama, Music, Musical","47,751"
8½,(1963),138 min,8.0,Drama,"107,582"
Dead Man,(1995),121 min,7.6,"Adventure, Drama, Fantasy","89,468"
Trois couleurs: Bleu,(1993),94 min,7.9,"Drama, Music, Mystery","87,885"
Good Bye Lenin!,(2003),121 min,7.7,"Comedy, Drama, Romance","136,773"
Tenkû no shiro Rapyuta,(1986),125 min,8.0,"Animation, Adventure, Drama","147,590"
Ying xiong,(2002),120 min,7.9,"Action, Adventure, History","172,947"
The Killing,(1956),84 min,8.0,"Crime, Drama, Film-Noir","80,632"
Lucky Number Slevin,(2006),110 min,7.7,"Action, Crime, Drama","298,052"
Papurika,(2006),90 min,7.7,"Animation, Drama, Fantasy","69,826"
Victoria,(II) (2015),138 min,7.6,"Crime, Drama, Romance","51,819"
Dilwale Dulhania Le Jayenge,(1995),189 min,8.1,"Drama, Romance","62,732"
In the Heat of the Night,(1967),110 min,7.9,"Crime, Drama, Mystery","66,886"
Short Term 12,(2013),96 min,8.0,Drama,"80,690"
The Man Who Shot Liberty Valance,(1962),123 min,8.1,"Drama, Western","67,938"
Perfetti sconosciuti,(2016),96 min,7.8,"Comedy, Drama","55,615"
Being There,(1979),130 min,8.0,"Comedy, Drama","64,858"
Mary and Max,(2009),92 min,8.1,"Animation, Comedy, Drama","162,661"
Der Himmel über Berlin,(1987),128 min,8.0,"Drama, Fantasy, Romance","63,790"
PK,(2014),153 min,8.1,"Comedy, Drama, Musical","159,767"
Frankenstein,(1931),70 min,7.8,"Drama, Horror, Sci-Fi","64,587"
The Maltese Falcon,(1941),100 min,8.0,"Film-Noir, Mystery","147,670"
Ray,(I) (2004),152 min,7.7,"Biography, Drama, Music","137,099"
The Muppet Christmas Carol,(1992),85 min,7.7,"Comedy, Drama, Family","46,763"
What Ever Happened to Baby Jane?,(1962),134 min,8.1,"Drama, Horror, Thriller","49,512"
Zulu,(1964),138 min,7.7,"Drama, History, War","35,499"
Delicatessen,(1991),99 min,7.6,"Comedy, Crime","79,746"
My Left Foot: The Story of Christy Brown,(1989),103 min,7.9,"Biography, Drama","67,045"
The Remains of the Day,(1993),134 min,7.8,"Drama, Romance","64,921"
La Vie En Rose,(2007),140 min,7.6,"Biography, Drama, Music","81,996"
Zwartboek,(2006),145 min,7.7,"Drama, Thriller, War","72,092"
Lola rennt,(1998),81 min,7.6,"Crime, Drama, Thriller","187,108"
K.G.F: Chapter 1,(2018),156 min,8.2,"Action, Drama","33,516"
In a Lonely Place,(1950),94 min,8.0,"Drama, Film-Noir, Mystery","26,065"
Kubo and the Two Strings,(2016),101 min,7.8,"Animation, Action, Adventure","116,457"
Mommy,(I) (2014),139 min,8.1,Drama,"49,618"
Kaze tachinu,(2013),126 min,7.8,"Animation, Biography, Drama","71,795"
Song of the Sea,(2014),93 min,8.1,"Animation, Adventure, Drama","50,126"
Yôjinbô,(1961),110 min,8.2,"Action, Drama, Thriller","109,410"
Blowup,(1966),111 min,7.6,"Drama, Mystery, Thriller","55,715"
The Hurricane,(1999),146 min,7.6,"Biography, Drama, Sport","90,730"
The Manchurian Candidate,(1962),126 min,7.9,"Drama, Thriller","70,638"
Rashômon,(1950),88 min,8.2,"Crime, Drama, Mystery","150,357"
Sabrina,(1954),113 min,7.7,"Comedy, Drama, Romance","58,418"
Ikiru,(1952),143 min,8.3,Drama,"66,968"
Pink Floyd: The Wall,(1982),95 min,8.1,"Drama, Fantasy, Music","75,389"
The Straight Story,(1999),112 min,8.0,"Biography, Drama","80,873"
Judgment at Nuremberg,(1961),179 min,8.2,"Drama, War","68,438"
The Innocents,(1961),100 min,7.8,Horror,"26,629"
Mr. Smith Goes to Washington,(1939),129 min,8.1,"Comedy, Drama","105,663"
Die Welle,(2008),107 min,7.6,"Drama, Thriller","101,710"
Festen,(1998),105 min,8.0,Drama,"77,142"
Mysterious Skin,(2004),105 min,7.6,Drama,"65,494"
Manhattan,(1979),96 min,7.9,"Comedy, Drama, Romance","130,256"
Drishyam,(2015),163 min,8.2,"Crime, Drama, Mystery","68,032"
Harold and Maude,(1971),91 min,7.9,"Comedy, Drama, Romance","70,102"
Once Were Warriors,(1994),102 min,7.9,"Crime, Drama","31,244"
Ladri di biciclette,(1948),89 min,8.3,Drama,"143,918"
Touch of Evil,(1958),95 min,8.0,"Crime, Drama, Film-Noir","97,627"
Smultronstället,(1957),91 min,8.2,"Drama, Romance","94,502"
Zerkalo,(1975),107 min,8.1,"Biography, Drama","39,014"
Kari-gurashi no Arietti,(2010),94 min,7.6,"Animation, Adventure, Family","79,179"
Amour,(2012),127 min,7.9,"Drama, Romance","92,038"
Notorious,(1946),102 min,7.9,"Drama, Film-Noir, Romance","91,340"
Nebraska,(2013),115 min,7.7,"Adventure, Comedy, Drama","111,410"
The Quiet Man,(1952),129 min,7.7,"Comedy, Drama, Romance","34,197"
The Killing Fields,(1984),141 min,7.8,"Biography, Drama, History","51,053"
Pride,(I) (2014),119 min,7.8,"Biography, Comedy, Drama","51,120"
Strangers on a Train,(1951),101 min,7.9,"Crime, Film-Noir, Thriller","122,212"
Hamlet,(1996),242 min,7.7,Drama,"35,754"
Breaking the Waves,(1996),159 min,7.8,Drama,"61,720"
Thank You for Smoking,(2005),92 min,7.6,"Comedy, Drama","211,886"
The Muppet Movie,(1979),95 min,7.6,"Adventure, Comedy, Family","32,300"
Bacheha-Ye aseman,(1997),89 min,8.3,"Drama, Family, Sport","63,809"
Ajeossi,(2010),119 min,7.8,"Action, Crime, Drama","61,845"
Paper Moon,(1973),102 min,8.1,"Comedy, Crime, Drama","41,735"
Trois couleurs: Rouge,(1994),99 min,8.1,"Drama, Mystery, Romance","89,166"
The Big Sleep,(1946),114 min,7.9,"Crime, Film-Noir, Mystery","78,094"
The Treasure of the Sierra Madre,(1948),126 min,8.2,"Adventure, Drama, Western","112,873"
Tengoku to jigoku,(1963),143 min,8.4,"Crime, Drama, Mystery","32,855"
Anatomy of a Murder,(1959),161 min,8.0,"Crime, Drama, Mystery","59,123"
Baahubali 2: The Conclusion,(2017),167 min,8.2,"Action, Drama","73,757"
"South Park: Bigger, Longer & Uncut",(1999),81 min,7.7,"Animation, Comedy, Fantasy","190,996"
Stalag 17,(1953),120 min,8.0,"Comedy, Drama, War","50,693"
Huo Yuan Jia,(2006),104 min,7.6,"Action, Biography, Drama","72,447"
Le samouraï,(1967),105 min,8.1,"Crime, Drama, Mystery","44,665"
Loving Vincent,(2017),94 min,7.8,"Animation, Biography, Crime","49,558"
Chugyeokja,(2008),125 min,7.8,"Action, Crime, Thriller","57,307"
Le locataire,(1976),126 min,7.7,"Drama, Thriller","39,216"
Repulsion,(1965),105 min,7.7,"Drama, Horror, Thriller","48,366"
Once,(I) (2007),86 min,7.8,"Drama, Music, Romance","109,862"
It Happened One Night,(1934),105 min,8.1,"Comedy, Romance","92,578"
Waking Life,(2001),99 min,7.8,"Animation, Drama, Fantasy","60,274"
Belle de jour,(1967),100 min,7.7,"Drama, Romance","39,642"
"Shin seiki Evangelion Gekijô-ban: Air/Magokoro wo, kimi ni",(1997),87 min,8.1,"Animation, Action, Drama","37,572"
The Philadelphia Story,(1940),112 min,7.9,"Comedy, Romance","62,704"
Happiness,(1998),134 min,7.7,"Comedy, Drama","65,901"
Un long dimanche de fiançailles,(2004),133 min,7.6,"Drama, Mystery, Romance","70,519"
Tôkyô monogatari,(1953),136 min,8.2,Drama,"51,836"
The Invisible Man,(1933),71 min,7.7,"Horror, Sci-Fi","30,110"
The Day of the Jackal,(1973),143 min,7.8,"Crime, Drama, Thriller","36,957"
Dead Man's Shoes,(2004),90 min,7.6,"Crime, Drama, Thriller","48,934"
Short Cuts,(1993),188 min,7.7,"Comedy, Drama","41,938"
La double vie de Véronique,(1991),98 min,7.8,"Drama, Fantasy, Music","41,398"
East of Eden,(1955),118 min,7.9,Drama,"39,828"
Andrei Rublev,(1966),205 min,8.1,"Biography, Drama, History","45,810"
The Day the Earth Stood Still,(1951),92 min,7.7,"Drama, Sci-Fi","75,794"
La leggenda del pianista sull'oceano,(1998),169 min,8.1,"Drama, Music, Romance","58,203"
City Lights,(1931),87 min,8.5,"Comedy, Drama, Romance","165,210"
The Night of the Hunter,(1955),92 min,8.0,"Crime, Drama, Film-Noir","80,985"
"Aguirre, der Zorn Gottes",(1972),95 min,7.9,"Action, Adventure, Biography","51,659"
Mimi wo sumaseba,(1995),111 min,7.9,"Animation, Drama, Family","50,363"
Who's Afraid of Virginia Woolf?,(1966),131 min,8.0,Drama,"68,377"
Watership Down,(1978),91 min,7.6,"Animation, Adventure, Drama","33,335"
The Secret of NIMH,(1982),82 min,7.6,"Animation, Adventure, Drama","35,840"
Guess Who's Coming to Dinner,(1967),108 min,7.8,"Comedy, Drama","39,009"
Vikram Vedha,(2017),147 min,8.5,"Action, Crime, Drama","26,127"
Stagecoach,(1939),96 min,7.8,"Adventure, Drama, Western","42,921"
Mandariinid,(2013),87 min,8.2,"Drama, War","38,745"
Les quatre cents coups,(1959),99 min,8.1,"Crime, Drama","103,454"
Todo sobre mi madre,(1999),101 min,7.8,Drama,"88,117"
Under sandet,(2015),100 min,7.8,"Drama, History, War","34,673"
Do lok tin si,(1995),99 min,7.7,"Comedy, Crime, Drama","25,394"
Philomena,(2013),98 min,7.6,"Biography, Comedy, Drama","93,447"
The Kid,(1921),68 min,8.3,"Comedy, Drama, Family","111,195"
Spoorloos,(1988),107 min,7.7,"Mystery, Thriller","33,510"
The Red Shoes,(1948),135 min,8.1,"Drama, Music, Romance","30,414"
Mou gaan dou,(2002),101 min,8.0,"Action, Crime, Drama","117,077"
Boksuneun naui geot,(2002),129 min,7.6,"Crime, Drama, Thriller","61,834"
Withnail & I,(1987),107 min,7.7,"Comedy, Drama","39,806"
The Lion in Winter,(1968),134 min,7.9,"Biography, Drama, History","28,682"
A Man for All Seasons,(1966),120 min,7.7,"Biography, Drama, History","30,877"
Bin-jip,(2004),88 min,8.0,"Crime, Drama, Romance","49,469"
Bom Yeoareum Gaeul Gyeoul Geurigo Bom,(2003),103 min,8.0,"Drama, Romance","76,339"
Le scaphandre et le papillon,(2007),112 min,8.0,"Biography, Drama","102,576"
The Message,(1976),177 min,8.2,"Biography, Drama, History","43,410"
All Quiet on the Western Front,(1930),152 min,8.0,"Drama, War","56,809"
Joyeux Noël,(2005),116 min,7.7,"Drama, History, Music","27,323"
Control,(2007),122 min,7.7,"Biography, Drama, Music","61,093"
Fitzcarraldo,(1982),158 min,8.1,"Adventure, Drama","31,055"
The Taking of Pelham One Two Three,(1974),104 min,7.7,"Action, Crime, Thriller","26,163"
Shadow of a Doubt,(1943),108 min,7.8,"Film-Noir, Thriller","58,726"
Das Cabinet des Dr. Caligari,(1920),76 min,8.1,"Fantasy, Horror, Mystery","56,612"
Hannah and Her Sisters,(1986),107 min,7.9,"Comedy, Drama","66,451"
The Verdict,(1982),129 min,7.7,Drama,"35,579"
Hable con ella,(2002),112 min,7.9,"Drama, Mystery, Romance","103,718"
Das weiße Band - Eine deutsche Kindergeschichte,(2009),144 min,7.8,"Drama, History, Mystery","67,980"
On Golden Pond,(1981),109 min,7.6,Drama,"27,312"
The Station Agent,(2003),89 min,7.6,"Comedy, Drama","66,977"
Les yeux sans visage,(1960),90 min,7.7,"Drama, Horror","27,116"
Night on Earth,(1991),129 min,7.8,"Comedy, Drama","54,596"
Underground,(1995),170 min,8.1,"Comedy, Drama, War","54,616"
Kurenai no buta,(1992),94 min,7.7,"Animation, Adventure, Comedy","75,890"
The Long Goodbye,(1973),112 min,7.6,"Comedy, Crime, Drama","25,725"
Out of the Past,(1947),97 min,8.0,"Crime, Drama, Film-Noir","32,308"
Cat on a Hot Tin Roof,(1958),108 min,8.0,Drama,"44,460"
La battaglia di Algeri,(1966),121 min,8.1,"Drama, War","52,081"
"I, Daniel Blake",(2016),100 min,7.9,Drama,"52,544"
The Grapes of Wrath,(1940),129 min,8.0,"Drama, History","85,066"
His Girl Friday,(1940),92 min,7.9,"Comedy, Drama, Romance","52,872"
Un prophète,(2009),155 min,7.9,"Crime, Drama","92,711"
The Odd Couple,(1968),105 min,7.7,Comedy,"31,227"
The African Queen,(1951),105 min,7.7,"Adventure, Drama, Romance","70,765"
The Bride of Frankenstein,(1935),75 min,7.8,"Drama, Horror, Sci-Fi","43,043"
Omoide no Mânî,(2014),103 min,7.7,"Animation, Drama, Family","31,648"
Gilda,(1946),110 min,7.7,"Drama, Film-Noir, Romance","27,584"
Laura,(1944),88 min,8.0,"Drama, Film-Noir, Mystery","42,201"
Lilja 4-ever,(2002),109 min,7.8,"Crime, Drama","42,258"
Leviafan,(2014),140 min,7.6,"Crime, Drama","48,661"
Invasion of the Body Snatchers,(1956),80 min,7.7,"Drama, Horror, Sci-Fi","44,424"
Kaguyahime no monogatari,(2013),137 min,8.0,"Animation, Adventure, Drama","37,462"
Secrets & Lies,(1996),136 min,8.0,"Comedy, Drama","36,968"
Cape Fear,(1962),106 min,7.7,"Drama, Thriller","26,080"
The Broken Circle Breakdown,(2012),111 min,7.8,"Drama, Music, Romance","38,983"
Nelyubov,(2017),127 min,7.6,Drama,"29,092"
Il conformista,(1970),113 min,8.0,Drama,"26,572"
The Secret of Kells,(2009),71 min,7.6,"Animation, Adventure, Family","30,837"
Tropa de Elite,(2007),115 min,8.1,"Action, Crime, Drama","97,283"
Trois couleurs: Blanc,(1994),92 min,7.6,"Comedy, Drama, Romance","62,973"
Lagaan: Once Upon a Time in India,(2001),224 min,8.1,"Adventure, Drama, Musical","103,702"
Du rififi chez les hommes,(1955),118 min,8.2,"Crime, Drama, Thriller","27,654"
No Man's Land,(I) (2001),98 min,7.9,"Comedy, Drama, War","44,257"
Gully Boy,(2019),153 min,8.1,"Drama, Music","30,742"
Ivanovo detstvo,(1962),95 min,8.1,"Drama, War","30,926"
Bir Zamanlar Anadolu'da,(2011),157 min,7.9,"Crime, Drama","40,668"
Forushande,(2016),124 min,7.8,"Drama, Thriller","49,896"
Amarcord,(1973),123 min,7.9,"Comedy, Drama","39,339"
Ondskan,(2003),113 min,7.8,Drama,"35,354"
Mar adentro,(I) (2004),126 min,8.0,"Biography, Drama","76,889"
Bringing Up Baby,(1938),102 min,7.9,"Comedy, Family, Romance","54,425"
Hedwig and the Angry Inch,(2001),95 min,7.7,"Comedy, Drama, Music","31,715"
Ayla: The Daughter of War,(2017),125 min,8.4,"Biography, Drama, History","33,007"
Rockstar,(2011),159 min,7.7,"Drama, Music, Musical","38,831"
Les diaboliques,(1955),117 min,8.0,"Crime, Drama, Horror","60,979"
Le salaire de la peur,(1953),131 min,8.1,"Adventure, Drama, Thriller","53,728"
Mustang,(2015),97 min,7.6,Drama,"35,144"
The Adventures of Robin Hood,(1938),102 min,7.9,"Action, Adventure, Romance","46,742"
Eskiya,(1996),128 min,8.2,"Crime, Drama, Thriller","62,941"
Efter brylluppet,(2006),120 min,7.7,Drama,"31,664"
Diarios de motocicleta,(2004),126 min,7.8,"Adventure, Biography, Drama","95,967"
Down by Law,(1986),107 min,7.8,"Comedy, Crime, Drama","47,332"
Vozvrashchenie,(2003),110 min,8.0,Drama,"41,860"
The World's Fastest Indian,(2005),127 min,7.8,"Biography, Drama, Sport","51,586"
Kakushi-toride no san-akunin,(1958),139 min,8.1,"Adventure, Drama","34,036"
Brief Encounter,(1945),86 min,8.0,"Drama, Romance","35,010"
Death Note: Desu nôto,(2006),126 min,7.7,"Crime, Drama, Fantasy","28,411"
Das Experiment,(2001),120 min,7.7,"Drama, Thriller","90,360"
Adams æbler,(2005),94 min,7.8,"Comedy, Crime, Drama","45,003"
Arsenic and Old Lace,(1944),118 min,8.0,"Comedy, Crime, Thriller","64,567"
The Ladykillers,(1955),91 min,7.7,"Comedy, Crime","25,937"
The Thin Man,(1934),91 min,8.0,"Comedy, Crime, Mystery","26,067"
Gegen die Wand,(2004),121 min,7.9,"Drama, Romance","50,771"
Kagemusha,(1980),180 min,8.0,"Drama, History, War","31,735"
Hævnen,(2010),118 min,7.6,"Drama, Romance","38,236"
Kal Ho Naa Ho,(2003),186 min,8.0,"Comedy, Drama, Musical","62,637"
Ôkami kodomo no Ame to Yuki,(2012),117 min,8.1,"Animation, Drama, Family","38,015"
Jeux d'enfants,(2003),93 min,7.6,"Comedy, Drama, Romance","66,862"
Chhichhore,(2019),143 min,8.2,"Comedy, Drama","31,614"
Shine,(1996),105 min,7.7,"Biography, Drama, Music","50,895"
Crimes and Misdemeanors,(1989),104 min,7.9,"Comedy, Drama","54,085"
Red River,(1948),133 min,7.8,"Action, Adventure, Drama","27,760"
To Be or Not to Be,(1942),99 min,8.2,"Comedy, War","28,782"
The 39 Steps,(1935),86 min,7.6,"Mystery, Thriller","51,158"
Giù la testa,(1971),157 min,7.6,"Drama, War, Western","29,705"
Les choristes,(2004),97 min,7.9,"Drama, Music","56,782"
Darbareye Elly,(2009),119 min,8.0,"Drama, Mystery, Thriller","44,653"
To Have and Have Not,(1944),100 min,7.8,"Adventure, Comedy, Film-Noir","30,639"
Kumonosu-jô,(1957),110 min,8.1,"Drama, History","45,861"
L'avventura,(1960),144 min,7.9,"Drama, Mystery","26,081"
Wait Until Dark,(1967),108 min,7.8,Thriller,"27,453"
Okuribito,(2008),130 min,8.1,"Drama, Music","48,094"
Rang De Basanti,(2006),167 min,8.2,"Comedy, Drama","110,390"
Jûbê ninpûchô,(1993),94 min,7.9,"Animation, Action, Adventure","34,171"
Gongdong gyeongbi guyeok JSA,(2000),110 min,7.8,"Action, Drama, Thriller","26,035"
Sholay,(1975),204 min,8.2,"Action, Adventure, Comedy","50,716"
Cowboy Bebop: Tengoku no tobira,(2001),115 min,7.9,"Animation, Action, Crime","42,417"
Viskningar och rop,(1972),91 min,8.1,Drama,"29,628"
Zindagi Na Milegi Dobara,(2011),155 min,8.1,"Comedy, Drama","66,661"
The Lady Vanishes,(1938),96 min,7.8,"Mystery, Thriller","46,750"
Omohide poro poro,(1991),118 min,7.6,"Animation, Drama, Romance","26,228"
"4 luni, 3 saptamâni si 2 zile",(2007),113 min,7.9,Drama,"56,013"
Vivre sa vie: Film en douze tableaux,(1962),80 min,8.0,Drama,"27,383"
Sweet Smell of Success,(1957),96 min,8.1,"Drama, Film-Noir","27,644"
Le charme discret de la bourgeoisie,(1972),102 min,7.9,Comedy,"37,961"
My Name Is Khan,(2010),165 min,8.0,Drama,"97,495"
Babam ve Oglum,(2005),112 min,8.3,"Drama, Family","77,376"
La passion de Jeanne d'Arc,(1928),110 min,8.1,"Biography, Drama, History","46,699"
The Circus,(1928),72 min,8.1,"Comedy, Romance","29,133"
Sleuth,(1972),138 min,8.0,"Mystery, Thriller","44,409"
Jab We Met,(2007),138 min,7.9,"Comedy, Drama, Romance","47,065"
Persepolis,(2007),96 min,8.0,"Animation, Biography, Drama","87,779"
Key Largo,(1948),100 min,7.8,"Action, Crime, Drama","36,641"
Kokuhaku,(2010),106 min,7.8,"Drama, Thriller","35,282"
Celda 211,(2009),113 min,7.6,"Action, Adventure, Crime","63,350"
The Lunchbox,(2013),104 min,7.8,"Drama, Romance","49,708"
"Crna macka, beli macor",(1998),127 min,8.1,"Comedy, Crime, Romance","50,286"
La Strada,(1954),108 min,8.0,Drama,"57,611"
Duck Soup,(1933),69 min,7.8,"Comedy, Musical, War","55,176"
The Gold Rush,(1925),95 min,8.2,"Adventure, Comedy, Drama","99,250"
Toki o kakeru shôjo,(2006),98 min,7.7,"Animation, Adventure, Comedy","59,474"
Batman: Mask of the Phantasm,(1993),76 min,7.8,"Animation, Action, Crime","43,083"
The General,(1926),67 min,8.1,"Action, Adventure, Comedy","79,881"
Bronenosets Potemkin,(1925),75 min,8.0,"Drama, History, Thriller","52,428"
Dà hóng denglong gaogao guà,(1991),125 min,8.1,"Drama, History, Romance","29,172"
Rupan sansei: Kariosutoro no shiro,(1979),100 min,7.7,"Animation, Adventure, Family","26,414"
Uri: The Surgical Strike,(2018),138 min,8.3,"Action, Drama, War","42,276"
Inherit the Wind,(1960),128 min,8.1,"Biography, Drama, History","26,978"
Interstate 60: Episodes of the Road,(2002),116 min,7.7,"Adventure, Comedy, Drama","29,671"
Ace in the Hole,(1951),111 min,8.1,"Drama, Film-Noir","31,050"
Au revoir les enfants,(1987),104 min,8.0,"Drama, War","30,809"
M.S. Dhoni: The Untold Story,(2016),184 min,7.8,"Biography, Drama, Sport","38,737"
The Shop Around the Corner,(1940),99 min,8.1,"Comedy, Drama, Romance","27,209"
Lat sau san taam,(1992),128 min,7.8,"Action, Crime, Thriller","46,299"
Harvey,(1950),104 min,7.9,"Comedy, Drama, Fantasy","52,246"
Tôkyô goddofâzâzu,(2003),90 min,7.8,"Animation, Adventure, Comedy","30,426"
The Purple Rose of Cairo,(1985),82 min,7.7,"Comedy, Fantasy, Romance","46,615"
The Lost Weekend,(1945),101 min,7.9,"Drama, Film-Noir","33,146"
Sunrise: A Song of Two Humans,(1927),94 min,8.1,"Drama, Romance","46,462"
Barfi!,(2012),151 min,8.1,"Comedy, Drama, Romance","74,816"
The Magdalene Sisters,(2002),114 min,7.7,Drama,"25,752"
G.O.R.A.,(2004),127 min,8.0,"Adventure, Comedy, Sci-Fi","55,882"
Hera Pheri,(2000),156 min,8.2,"Action, Comedy, Crime","55,989"
Il postino,(1994),108 min,7.7,"Biography, Comedy, Drama","33,204"
Talvar,(2015),132 min,8.2,"Crime, Drama, Mystery","30,548"
Munna Bhai M.B.B.S.,(2003),156 min,8.1,"Comedy, Drama, Musical","72,892"
Anand,(1971),122 min,8.4,"Drama, Musical","29,259"
Jungfrukällan,(1960),89 min,8.1,Drama,"26,342"
Pink,(III) (2016),136 min,8.1,"Drama, Thriller","38,361"
Yeopgijeogin geunyeo,(2001),137 min,8.0,"Comedy, Drama, Romance","45,033"
In America,(2002),105 min,7.7,Drama,"40,244"
Veer-Zaara,(2004),192 min,7.8,"Drama, Family, Musical","48,386"
Bhaag Milkha Bhaag,(2013),186 min,8.2,"Biography, Drama, Sport","60,258"
El ángel exterminador,(1962),95 min,8.1,"Drama, Fantasy","29,256"
The Visitor,(I) (2007),104 min,7.6,Drama,"41,354"
Queen,(2013),146 min,8.2,"Adventure, Comedy, Drama","60,079"
Le notti di Cabiria,(1957),110 min,8.1,Drama,"42,338"
Jules et Jim,(1962),105 min,7.8,"Drama, Romance","37,001"
Badhaai ho,(2018),124 min,8.0,"Comedy, Drama","27,085"
Le passé,(2013),130 min,7.8,"Drama, Mystery","44,543"
Love and Death,(1975),85 min,7.7,"Comedy, War","35,625"
"Swades: We, the People",(2004),210 min,8.2,Drama,"82,109"
Les triplettes de Belleville,(2003),80 min,7.8,"Animation, Comedy, Drama","50,234"
Knockin' on Heaven's Door,(1997),87 min,8.0,"Action, Crime, Comedy","27,360"
Kai po che!,(2013),130 min,7.7,"Drama, Sport","31,549"
Tropa de Elite 2: O Inimigo Agora é Outro,(2010),115 min,8.0,"Action, Crime, Drama","78,673"
Haider,(2014),160 min,8.1,"Action, Crime, Drama","49,887"
Dil Chahta Hai,(2001),183 min,8.1,"Comedy, Drama, Romance","66,034"
Sanjuro,(1962),96 min,8.1,"Action, Comedy, Crime","32,272"
Sherlock Jr.,(1924),45 min,8.2,"Action, Comedy, Romance","40,814"
Hiroshima mon amour,(1959),90 min,7.9,"Drama, Romance","27,913"
Lifeboat,(1944),97 min,7.6,"Drama, War","26,180"
White Heat,(1949),114 min,8.1,"Action, Crime, Drama","29,338"
Hana-bi,(1997),103 min,7.8,"Crime, Drama, Romance","27,339"
La Grande Illusion,(1937),113 min,8.1,"Drama, War","33,482"
Baby,(I) (2015),159 min,8.0,"Action, Thriller","52,271"
Dip huet seung hung,(1989),111 min,7.8,"Action, Crime, Drama","45,300"
Central do Brasil,(1998),110 min,8.0,Drama,"35,895"
Bajrangi Bhaijaan,(2015),163 min,8.0,"Action, Adventure, Comedy","70,978"
Vampire Hunter D: Bloodlust,(2000),103 min,7.7,"Animation, Action, Fantasy","28,938"
Zelig,(1983),79 min,7.7,Comedy,"39,537"
Nueve reinas,(2000),114 min,7.9,"Crime, Drama, Thriller","49,247"
Kahaani,(2012),122 min,8.1,"Mystery, Thriller","57,089"
La règle du jeu,(1939),110 min,8.0,"Comedy, Drama","26,395"
C.R.A.Z.Y.,(2005),129 min,7.9,"Comedy, Drama","31,312"
English Vinglish,(2012),134 min,7.8,"Comedy, Drama, Family","33,140"
Taegukgi hwinalrimyeo,(2004),140 min,8.1,"Action, Drama, War","37,575"
Udaan,(2010),134 min,8.2,Drama,"41,929"
Chak De! India,(2007),153 min,8.2,"Drama, Family, Sport","73,114"
A Night at the Opera,(1935),96 min,7.9,"Comedy, Music, Musical","30,246"
Andaz Apna Apna,(1994),160 min,8.2,"Comedy, Romance","48,782"
A Wednesday,(2008),104 min,8.1,"Action, Crime, Drama","73,229"
Udta Punjab,(2016),148 min,7.8,"Action, Crime, Drama","26,711"
Kind Hearts and Coronets,(1949),106 min,8.0,"Comedy, Crime","34,085"
Drishyam,(2013),160 min,8.3,"Crime, Drama, Thriller","30,199"
OMG: Oh My God!,(2012),125 min,8.1,"Comedy, Drama, Fantasy","50,715"
Special Chabbis,(2013),144 min,8.0,"Crime, Drama, Thriller","50,322"
Black,(2005),122 min,8.2,Drama,"33,109"
Auf der anderen Seite,(2007),122 min,7.8,Drama,"30,551"
Airlift,(2016),130 min,8.0,"Drama, History","52,383"
Le dîner de cons,(1998),80 min,7.7,Comedy,"36,951"
Dev.D,(2009),144 min,8.0,"Drama, Romance","28,449"
Paan Singh Tomar,(2012),135 min,8.2,"Action, Biography, Crime","32,790"
Vicky Donor,(2012),126 min,7.8,"Comedy, Romance","39,259"
Vizontele,(2001),110 min,8.0,"Comedy, Drama","32,790"
Lage Raho Munna Bhai,(2006),144 min,8.1,"Comedy, Drama, Romance","42,483"
Nefes: Vatan Sagolsun,(2009),128 min,8.0,"Action, Drama, Thriller","31,493"
